{"chunk_definitions":[{"row":198,"row_count":1,"visible":true,"expansion_state":0,"options":{"engine":"r","results":"markup","echo":true,"eval":true,"label":"unnamed-chunk-1"},"document_id":"4A6D5030","chunk_id":"cy90pub9jwe0l","chunk_label":"unnamed-chunk-3"},{"row":215,"row_count":1,"visible":true,"expansion_state":0,"options":{"engine":"r","results":"markup","echo":true,"eval":true,"label":"unnamed-chunk-2"},"document_id":"4A6D5030","chunk_id":"cn3tjnxqyz252","chunk_label":"unnamed-chunk-4"},{"row":235,"row_count":1,"visible":true,"expansion_state":0,"options":{"engine":"r","results":"markup","echo":true,"eval":true,"label":"unnamed-chunk-3"},"document_id":"4A6D5030","chunk_id":"cqi00f1s70rgc","chunk_label":"unnamed-chunk-5"},{"row":292,"row_count":1,"visible":true,"expansion_state":0,"options":{"engine":"r","results":"markup","echo":true,"eval":true,"label":"unnamed-chunk-4"},"document_id":"4A6D5030","chunk_id":"cxc5q9moae6th","chunk_label":"unnamed-chunk-6"},{"row":335,"row_count":1,"visible":true,"expansion_state":0,"options":{"engine":"r","results":"markup","echo":true,"eval":true,"label":"unnamed-chunk-5"},"document_id":"07D42A50","chunk_id":"c8ei5sumreq75","chunk_label":"unnamed-chunk-7"},{"row":666,"row_count":1,"visible":true,"expansion_state":0,"options":{"engine":"r","results":"markup","echo":true,"eval":true,"label":"unnamed-chunk-40"},"document_id":"07D42A50","chunk_id":"chua9qmrlmcne","chunk_label":"unnamed-chunk-13"}],"doc_write_time":1616010733}