﻿Variavel;Descricao
nome_munic;Nome do município
codigo_ibge;Código do município no IBGE (7 dígitos)
dia;Dia
mes;Mês
datahora;Data no formato YYYY-MM-DD
casos;Casos totais registrados até a data
casos_novos;Casos novos registrados na data
casos_pc;Casos totais por 100 mil habitantes
casos_mm7d;Média móvel dos últimos 7 dias dos novos casos
obitos;Óbitos totais registrados até a data
obitos_novos;Óbitos novos registrados na data
obitos_pc;Óbitos totais por 100 mil habitantes
obitos_mm7d;Média móvel dos últimos 7 dias dos novos óbitos
letalidade;casos / obitos
nome_ra;Nome da Região Administrativa
cod_ra;Código da Região Administrativa
nome_drs;Nome do Dpto. Regional de Saúde
cod_drs;Código do Dpto. Regional de Saúde
pop;População Estimada (fonte: SEADE)
pop60;População acima de 60 anos (fonte: SEADE)
area;Área do município em Km2
map_leg;Rótulo da legenda para mapa
map_leg_s;Código da legenda para mapa
latitude;Latitude
longitude;Longitude
semana_epidem;Semana Epidemológica
