id_jogador;id_ano;ordem_equipes;id_equipe;id_liga;jogos_ganhados;jogos_perdidos;jogos_disputados;jogos_iniciados;jogos_completos;shutouts;jogos_salvos;IPouts;hits;corridas_merecidas;homerun;BB;strikeout;media_rebatida_oponente;media_corridas_merecidas;IBB;lances_desviados;HBP;BK;BFP;jogos_terminados;corridas;toques_sacrificio;fly_sacrificio;eliminacao_dupla
aasedo01;1986;1;BAL;AL;6;7;66;0;0;0;34;245;71;27;6;28;67;0,234;2,98;2;4;0;0;337;58;29;3;2;7
ackerji01;1986;1;TOR;AL;2;4;23;5;0;0;0;180;63;29;6;22;32;0,281;4,35;3;3;2;1;259;6;34;6;5;6
ackerji01;1986;2;ATL;NL;3;8;21;14;0;0;0;285;100;40;7;26;37;0,274;3,79;3;2;1;0;402;3;47;6;4;8
agostju01;1986;1;CHA;AL;0;2;9;0;0;0;0;14;6;4;0;4;3;0,300;7,71;0;0;0;0;24;1;5;0;0;0
agostju01;1986;2;MIN;AL;1;2;17;1;0;0;1;61;43;20;1;14;9;0,448;8,85;0;1;2;0;115;3;25;2;0;5
aguilri01;1986;1;NYN;NL;10;7;28;20;2;0;0;425;145;61;15;36;104;0,263;3,88;1;5;7;3;605;2;70;6;5;8
akerfda01;1986;1;OAK;AL;0;0;2;0;0;0;0;16;7;4;2;3;5;0,304;6,75;1;2;0;0;26;2;5;0;0;0
alexado01;1986;1;TOR;AL;5;4;17;17;3;0;0;333;120;55;18;20;65;0,273;4,46;1;1;4;0;470;0;56;3;3;6
alexado01;1986;2;ATL;NL;6;6;17;17;2;0;0;352;135;50;9;17;74;0,287;3,84;1;1;0;0;496;0;58;8;1;11
allenne01;1986;1;CHA;AL;7;2;22;17;2;2;0;339;101;48;8;38;57;0,244;3,82;1;4;2;0;466;1;50;5;7;5
anderal02;1986;1;MIN;AL;3;6;21;10;1;0;0;253;106;52;11;30;51;0,316;5,55;3;2;1;2;371;3;54;2;3;10
anderla02;1986;1;PHI;NL;0;0;10;0;0;0;0;38;19;6;0;3;9;0,388;4,26;0;0;0;0;55;1;8;2;1;2
anderla02;1986;2;HOU;NL;2;1;38;0;0;0;1;194;64;20;2;23;33;0,276;2,78;10;1;1;0;268;7;22;8;4;7
anderri02;1986;1;NYN;NL;2;1;15;5;0;0;1;149;45;15;3;11;21;0,245;2,72;3;1;0;1;201;4;17;2;4;3
andujjo01;1986;1;OAK;AL;12;7;28;26;7;1;1;466;139;66;23;56;72;0,239;3,82;1;2;4;4;647;2;70;1;4;12
aquinlu01;1986;1;TOR;AL;1;1;7;0;0;0;0;34;14;8;2;3;5;0,304;6,35;1;1;0;0;50;3;8;0;1;0
armstmi01;1986;1;NYA;AL;0;1;7;1;0;0;0;26;13;9;4;5;8;0,351;9,35;1;0;0;0;42;4;9;0;0;0
arnolto01;1986;1;BAL;AL;0;2;11;0;0;0;0;76;25;10;0;11;7;0,278;3,55;3;0;0;0;104;3;15;3;0;9
arnsbbr01;1986;1;NYA;AL;0;0;2;1;0;0;0;24;13;3;1;1;3;0,342;3,38;0;0;0;0;39;1;3;0;0;1
arroyfe01;1986;1;OAK;AL;0;0;1;0;0;0;0;0;0;0;0;3;0;NA;NA;0;0;0;0;3;0;0;0;0;0
assenpa01;1986;1;ATL;NL;7;3;61;0;0;0;7;205;61;19;5;26;56;0,241;2,50;4;2;0;3;287;27;23;7;1;7
atherke01;1986;1;OAK;AL;1;2;13;0;0;0;0;46;18;10;2;11;8;0,295;5,87;1;0;0;0;75;5;10;1;2;0
atherke01;1986;2;MIN;AL;5;8;47;0;0;0;10;245;82;34;9;35;59;0,264;3,75;3;2;1;0;356;31;37;5;4;6
bailesc01;1986;1;CLE;AL;10;10;62;10;0;0;7;338;123;62;12;43;60;0,276;4,95;5;4;1;2;500;22;70;7;4;10
bairdo01;1986;1;OAK;AL;2;3;31;0;0;0;4;135;37;15;5;18;40;0,224;3,00;0;2;0;0;189;17;15;3;3;1
balleja01;1986;1;CHN;NL;2;4;36;0;0;0;5;161;58;32;7;28;42;0,275;5,37;4;2;2;4;248;16;37;4;3;0
bankhsc01;1986;1;KCA;AL;8;9;24;17;0;0;0;363;121;62;14;37;94;0,259;4,61;7;1;3;0;517;2;66;5;5;7
bannifl01;1986;1;CHA;AL;10;14;28;27;6;1;0;496;162;65;17;48;92;0,259;3,54;0;5;2;0;688;0;81;7;5;16
bargagr01;1986;1;SLN;NL;0;2;22;0;0;0;0;82;36;17;3;10;12;0,330;5,60;1;2;3;0;126;10;19;2;2;4
beattji01;1986;1;SEA;AL;0;6;9;7;0;0;0;121;57;27;7;14;24;0,341;6,02;2;1;3;0;188;0;28;2;2;4
beckwjo01;1986;1;LAN;NL;0;0;15;0;0;0;0;55;28;14;5;6;13;0,350;6,87;0;0;0;0;86;4;16;0;0;2
bedrost01;1986;1;PHI;NL;8;6;68;0;0;0;29;271;79;34;12;34;82;0,232;3,39;10;5;0;2;381;56;39;3;3;4
beller01;1986;1;BAL;AL;1;2;4;4;0;0;0;70;23;13;4;14;18;0,258;5,01;0;0;0;0;105;0;14;1;1;3
berenbr01;1986;1;NYN;NL;2;2;14;7;0;0;0;119;47;28;5;22;30;0,299;6,35;0;4;1;0;184;2;30;1;3;4
berenju01;1986;1;SFN;NL;2;3;46;4;0;0;4;220;64;22;4;44;72;0,242;2,70;3;4;2;2;314;17;23;2;1;5
bestka01;1986;1;SEA;AL;2;3;26;0;0;0;1;107;35;16;3;21;23;0,255;4,04;2;2;1;1;163;15;19;2;2;1
bielemi01;1986;1;PIT;NL;6;11;31;27;0;0;0;446;149;77;10;83;83;0,262;4,66;3;7;2;5;667;0;87;7;6;7
birkbmi01;1986;1;ML4;AL;1;1;7;4;0;0;0;66;24;11;0;12;13;0,282;4,50;0;1;0;0;97;2;12;0;0;4
birtsti01;1986;1;OAK;AL;0;0;2;0;0;0;0;6;2;5;1;4;1;0,286;22,50;1;0;0;0;12;2;5;1;0;0
bittije01;1986;1;PHI;NL;1;1;3;3;0;0;0;44;16;9;2;7;8;0,271;5,52;1;2;1;2;68;0;10;1;0;0
blackbu02;1986;1;KCA;AL;5;10;56;4;0;0;9;363;100;43;14;43;68;0,225;3,20;5;2;7;2;503;26;49;4;4;9
bluevi01;1986;1;SFN;NL;10;10;28;28;0;0;0;470;137;57;19;77;100;0,239;3,27;3;5;0;1;663;0;65;7;6;10
blylebe01;1986;1;MIN;AL;17;14;36;36;16;3;0;815;262;121;50;58;215;0,250;4,01;4;4;10;0;1126;0;134;5;4;19
bockura01;1986;1;SFN;NL;0;0;5;0;0;0;0;21;7;2;1;6;4;0,241;2,57;1;0;0;0;36;1;5;1;0;0
boddimi01;1986;1;BAL;AL;14;12;33;33;7;0;0;655;214;114;30;74;175;0,255;4,70;4;7;11;0;934;0;125;3;6;11
boevejo01;1986;1;SLN;NL;0;1;11;0;0;0;0;65;19;4;2;11;8;0,232;1,66;0;1;0;0;93;4;5;0;0;2
bookegr01;1986;1;SDN;NL;1;0;9;0;0;0;0;33;10;2;0;4;7;0,233;1,64;2;0;0;0;47;4;5;0;0;1
bordiri01;1986;1;BAL;AL;6;4;52;1;0;0;3;321;105;53;13;41;83;0,254;4,46;5;1;4;0;464;22;56;2;3;7
bosioch01;1986;1;ML4;AL;0;4;10;4;0;0;0;104;41;27;9;13;29;0,293;7,01;0;2;0;1;154;3;27;1;0;3
boydoi01;1986;1;BOS;AL;16;10;30;30;10;0;0;643;222;90;32;45;129;0,265;3,78;1;3;2;0;893;0;99;3;6;15
browncu03;1986;1;MON;NL;0;1;6;0;0;0;0;36;15;4;0;2;4;0,319;3,00;2;0;0;0;53;2;6;3;1;1
brownke01;1986;1;TEX;AL;1;0;1;1;0;0;0;15;6;2;0;0;4;0,316;3,60;0;0;0;0;19;0;2;0;0;0
brownmi01;1986;1;BOS;AL;4;4;15;10;0;0;0;172;72;34;10;25;32;0,316;5,34;1;3;1;0;260;2;35;3;3;6
brownmi01;1986;2;SEA;AL;0;2;6;2;0;0;0;47;19;13;4;11;9;0,302;7,47;0;1;0;1;74;0;14;0;0;1
brownto05;1986;1;CIN;NL;14;13;39;39;4;2;0;730;225;103;26;70;147;0,245;3,81;6;3;1;0;1016;0;123;14;12;16
brydetr01;1986;1;CAL;AL;2;1;16;0;0;0;0;103;38;25;4;21;25;0,290;6,55;0;2;2;0;159;7;25;1;4;4
burketi01;1986;1;MON;NL;9;7;68;2;0;0;4;304;103;33;7;46;82;0,261;2,93;13;4;4;0;451;25;37;6;2;7
burrira01;1986;1;SLN;NL;4;5;23;10;0;0;0;246;92;51;13;32;34;0,287;5,60;4;0;4;0;361;5;52;4;0;9
burttde01;1986;1;MIN;AL;0;0;3;0;0;0;0;6;7;7;1;3;1;0,538;31,50;1;0;0;0;16;1;7;0;0;0
butchjo01;1986;1;MIN;AL;0;3;16;10;1;0;0;210;82;49;11;24;29;0,296;6,30;1;4;1;0;308;1;50;1;3;12
butchjo01;1986;2;CLE;AL;1;5;13;8;1;1;0;152;86;39;6;13;16;0,381;6,93;0;2;3;0;246;4;43;1;3;7
butersa01;1986;1;CIN;NL;0;0;1;0;0;0;0;3;0;0;0;1;1;0,000;0,00;0;0;0;0;4;1;0;0;0;0
calhoje01;1986;1;HOU;NL;1;0;20;0;0;0;0;80;28;11;3;12;14;0,264;3,71;1;2;0;0;119;7;16;1;0;2
camacer01;1986;1;CLE;AL;2;4;51;0;0;0;20;172;60;26;1;31;36;0,269;4,08;6;3;2;1;267;37;26;5;6;2
campbbi02;1986;1;DET;AL;3;6;34;0;0;0;3;167;46;24;5;21;37;0,230;3,88;5;1;1;0;229;19;26;4;3;6
candejo01;1986;1;CAL;AL;10;2;16;16;1;1;0;275;68;26;4;26;81;0,206;2,55;2;2;3;1;365;0;30;3;3;4
candito01;1986;1;CLE;AL;16;12;36;34;17;3;0;757;234;100;18;106;167;0,246;3,57;0;12;8;4;1078;1;112;3;9;26
carltst01;1986;1;PHI;NL;4;8;16;16;0;0;0;249;102;57;15;45;62;0,297;6,18;4;3;0;0;393;0;70;2;3;10
carltst01;1986;2;SFN;NL;1;3;6;6;0;0;0;90;36;17;4;16;18;0,303;5,10;0;2;1;1;140;0;20;4;0;1
carltst01;1986;3;CHA;AL;4;3;10;10;0;0;0;190;58;26;6;25;40;0,252;3,69;0;2;0;1;259;0;30;2;2;11
carmado01;1986;1;PHI;NL;10;5;50;14;2;1;1;403;113;48;11;52;98;0,234;3,22;11;6;3;2;545;13;50;5;3;9
carych01;1986;1;DET;AL;1;2;22;0;0;0;0;95;33;12;3;15;21;0,273;3,41;4;1;0;1;140;6;18;2;2;3
caudibi01;1986;1;TOR;AL;2;4;40;0;0;0;2;109;36;25;6;17;32;0,254;6,19;1;0;2;1;163;20;25;2;0;0
cerutjo01;1986;1;TOR;AL;9;4;34;20;2;1;1;436;150;67;25;47;89;0,268;4,15;2;8;1;0;616;3;73;4;5;14
chadwra01;1986;1;CAL;AL;0;5;7;7;0;0;0;82;39;22;5;15;9;0,336;7,24;0;1;1;0;133;0;26;1;0;2
childro01;1986;1;PHI;NL;0;0;2;0;0;0;0;8;4;2;0;1;1;0,364;6,75;0;0;0;0;12;0;3;0;0;1
clancji01;1986;1;TOR;AL;14;14;34;34;6;3;0;658;202;96;24;63;126;0,243;3,94;0;4;4;0;913;0;100;5;9;13
clarkbr01;1986;1;CHA;AL;0;0;5;0;0;0;0;24;8;4;0;2;5;0,276;4,50;0;0;0;0;31;2;4;0;0;2
clarkst02;1986;1;TOR;AL;0;1;10;0;0;0;0;38;18;13;4;10;9;0,375;9,24;1;0;0;2;62;6;13;3;1;2
clearma01;1986;1;ML4;AL;5;5;59;0;0;0;16;221;53;18;4;36;85;0,201;2,20;2;8;1;2;306;52;23;1;4;5
clemepa01;1986;1;PIT;NL;0;4;65;0;0;0;2;183;53;19;1;32;31;0,251;2,80;6;2;2;0;256;19;20;7;4;8
clemero02;1986;1;BOS;AL;24;4;33;33;10;1;0;762;179;70;21;67;238;0,195;2,48;0;11;4;3;997;0;77;4;6;14
cluttbr01;1986;1;ML4;AL;0;1;20;0;0;0;0;170;68;27;8;16;38;0,296;4,29;2;2;2;0;250;7;32;1;1;3
cocanja01;1986;1;ML4;AL;0;1;17;2;0;0;0;134;40;22;1;38;22;0,248;4,43;0;5;2;0;205;2;29;3;1;9
codirch01;1986;1;OAK;AL;5;8;16;16;1;0;0;275;91;41;15;38;43;0,250;4,03;2;4;2;0;406;0;54;1;1;4
coneda01;1986;1;KCA;AL;0;0;11;0;0;0;0;68;29;14;2;13;21;0,309;5,56;1;3;1;0;108;5;14;0;0;0
conroti01;1986;1;SLN;NL;5;11;25;21;1;0;0;346;122;67;15;56;79;0,275;5,23;7;7;3;0;513;2;72;0;10;11
cookmi01;1986;1;CAL;AL;0;2;5;1;0;0;0;27;13;9;3;7;6;0,333;9,00;1;0;0;0;46;1;12;0;0;1
corbedo01;1986;1;CAL;AL;4;2;46;0;0;0;10;236;66;32;11;22;36;0,231;3,66;2;2;1;0;312;32;36;1;2;15
correed01;1986;1;TEX;AL;12;14;32;32;4;2;0;607;167;95;15;126;189;0,223;4,23;2;19;3;2;886;0;102;4;3;9
cowlejo01;1986;1;CHA;AL;11;11;27;27;4;0;0;487;133;70;20;83;132;0,223;3,88;1;4;3;0;692;0;81;6;4;8
coxda01;1986;1;SLN;NL;12;13;32;32;8;0;0;660;189;71;14;60;108;0,234;2,90;6;3;2;4;881;0;85;8;3;19
crawfst01;1986;1;BOS;AL;0;2;40;0;0;0;4;172;69;25;5;19;32;0,308;3,92;7;2;0;0;248;15;29;3;2;9
darliro01;1986;1;NYN;NL;15;6;34;34;4;2;0;711;203;74;21;81;184;0,234;2,81;2;7;3;3;967;0;84;10;6;18
darwida01;1986;1;ML4;AL;6;8;27;14;5;1;0;391;120;51;13;35;80;0,246;3,52;1;5;3;0;537;4;62;5;6;12
darwida01;1986;2;HOU;NL;5;2;12;8;1;0;0;163;50;14;3;9;40;0,239;2,32;0;2;0;1;222;2;19;1;3;3
davisjo03;1986;1;CHA;AL;4;5;19;19;1;0;0;316;115;55;9;51;54;0,280;4,70;0;4;1;1;468;0;64;3;2;9
davisma01;1986;1;SFN;NL;5;7;67;2;0;0;4;253;63;28;6;34;90;0,212;2,99;7;3;1;0;342;20;33;5;5;4
davisro02;1986;1;MIN;AL;2;6;36;0;0;0;2;116;55;39;7;29;30;0,340;9,08;8;4;4;0;198;28;42;2;1;3
davisro02;1986;2;CHN;NL;0;2;17;0;0;0;0;60;31;17;3;3;10;0,356;7,65;0;0;0;1;91;5;18;0;1;1
davisst02;1986;1;BAL;AL;9;12;25;25;2;0;0;462;166;62;16;49;96;0,275;3,62;2;5;0;0;657;0;70;3;2;15
davisst03;1986;1;TOR;AL;0;0;3;0;0;0;0;11;8;7;2;5;5;0,471;17,18;1;1;0;0;22;0;7;0;0;1
dawlebi01;1986;1;CHA;AL;0;7;46;0;0;0;2;293;91;36;10;28;66;0,247;3,32;3;5;1;0;405;23;38;5;3;4
dayleke01;1986;1;SLN;NL;0;3;31;0;0;0;5;116;42;14;1;11;33;0,275;3,26;3;0;1;0;170;13;19;4;1;3
dedmoje01;1986;1;ATL;NL;6;6;57;0;0;0;3;299;90;33;8;39;58;0,242;2,98;5;3;4;2;424;22;43;7;2;9
deleojo01;1986;1;PIT;NL;1;3;9;1;0;0;1;49;17;15;2;17;11;0,266;8,27;3;1;1;0;83;5;16;1;0;1
deleojo01;1986;2;CHA;AL;4;5;13;13;1;0;0;237;49;26;7;42;68;0,179;2,96;0;6;4;0;325;0;30;4;1;3
dennyjo01;1986;1;CIN;NL;11;10;27;27;2;1;0;514;179;80;15;56;115;0,272;4,20;9;2;4;1;731;0;89;9;4;18
deshaji01;1986;1;HOU;NL;12;5;26;26;1;1;0;432;124;52;16;59;128;0,234;3,25;2;0;2;7;599;0;58;4;3;4
diazca01;1986;1;LAN;NL;0;0;19;0;0;0;0;76;33;12;2;7;18;0,317;4,26;2;2;0;0;113;9;14;1;1;3
dipinfr01;1986;1;HOU;NL;1;3;31;0;0;0;3;121;27;16;5;16;27;0,189;3,57;1;0;2;0;167;14;18;5;1;1
dipinfr01;1986;2;CHN;NL;2;4;30;0;0;0;0;120;47;23;6;14;43;0,297;5,18;5;3;0;0;178;12;27;4;2;3
dixonke01;1986;1;BAL;AL;11;13;35;33;2;0;0;607;194;103;33;83;170;0,249;4,58;6;7;1;3;874;1;111;5;6;14
dotsori01;1986;1;CHA;AL;10;17;34;34;3;1;0;591;226;120;24;69;110;0,289;5,48;2;10;2;0;861;0;125;4;4;20
downske01;1986;1;SFN;NL;4;4;14;14;1;0;0;265;78;27;5;30;64;0,236;2,75;7;3;3;2;372;0;29;4;4;6
dozieto01;1986;1;OAK;AL;0;0;4;0;0;0;0;19;6;4;1;5;4;0,261;5,68;1;1;0;1;30;4;6;0;2;1
drabedo01;1986;1;NYA;AL;7;8;27;21;0;0;0;395;126;60;13;50;76;0,251;4,10;1;2;3;0;561;2;64;5;2;5
draveda01;1986;1;SDN;NL;9;11;26;26;3;1;0;484;149;55;17;54;87;0,246;3,07;7;0;1;1;677;0;68;12;5;9
earlebi02;1986;1;SLN;NL;0;0;3;0;0;0;0;9;0;0;0;2;2;0,000;0,00;0;0;0;0;11;2;0;0;0;0
easteja01;1986;1;CLE;AL;0;2;13;0;0;0;0;53;27;15;3;12;9;0,365;7,64;0;2;0;0;89;4;16;1;2;4
eckerde01;1986;1;CHN;NL;6;11;33;32;1;0;0;603;226;102;21;43;137;0,285;4,57;3;2;3;5;862;0;109;13;10;6
eichhma01;1986;1;TOR;AL;14;6;69;0;0;0;10;471;105;30;8;45;166;0,192;1,72;14;2;7;1;612;38;32;9;2;12
fanslst01;1986;1;PIT;NL;0;3;5;5;0;0;0;72;20;10;2;15;13;0,247;3,75;0;0;0;0;99;0;12;2;1;4
farrst01;1986;1;KCA;AL;8;4;56;0;0;0;8;328;90;38;10;39;83;0,228;3,13;8;4;4;1;443;33;39;3;2;10
fernasi01;1986;1;NYN;NL;16;6;32;31;2;1;1;613;161;80;13;91;200;0,216;3,52;1;6;2;0;855;1;82;9;7;10
filsope01;1986;1;MIN;AL;0;0;4;0;0;0;0;19;13;4;1;2;4;0,406;5,68;0;0;1;0;35;2;4;0;0;0
filsope01;1986;2;CHA;AL;0;1;3;1;0;0;0;35;14;8;4;5;4;0,286;6,17;0;1;0;0;54;2;9;0;0;1
finlech01;1986;1;CAL;AL;3;1;25;0;0;0;0;139;40;17;2;23;37;0,235;3,30;1;2;1;0;198;7;17;4;0;1
fireost01;1986;1;SEA;AL;2;0;10;1;0;0;0;63;28;10;1;4;10;0,333;4,29;0;1;1;0;89;2;11;0;0;4
fischto01;1986;1;CAL;AL;0;0;9;0;0;0;0;51;18;8;4;8;7;0,286;4,24;2;0;0;1;73;5;8;1;1;4
fishebr01;1986;1;NYA;AL;9;5;62;0;0;0;6;290;105;53;14;37;67;0,277;4,93;2;2;1;0;424;26;61;5;2;13
flanami01;1986;1;BAL;AL;7;11;29;28;2;0;0;516;179;81;15;66;96;0,270;4,24;4;8;1;1;747;0;95;10;6;21
fontera01;1986;1;CHN;NL;3;5;42;0;0;0;2;168;57;24;5;21;24;0,266;3,86;3;4;0;1;241;11;30;6;0;5
fontera01;1986;2;MIN;AL;0;0;15;0;0;0;0;49;27;18;3;4;10;0,360;9,92;0;2;2;0;81;7;19;0;0;2
forscbo01;1986;1;SLN;NL;14;10;33;33;3;0;0;690;211;83;19;68;104;0,247;3,25;11;7;2;0;939;0;91;5;9;28
forscke01;1986;1;CAL;AL;0;1;10;0;0;0;1;51;24;18;4;10;13;0,343;9,53;0;0;2;0;85;4;21;1;2;2
forstte01;1986;1;CAL;AL;4;1;41;0;0;0;5;123;47;16;2;17;28;0,297;3,51;1;0;3;0;182;17;18;3;1;4
francjo01;1986;1;CIN;NL;6;6;74;0;0;0;29;303;90;33;7;44;84;0,243;2,94;12;4;2;2;429;52;40;8;3;8
frasewi01;1986;1;CAL;AL;0;0;1;1;0;0;0;13;6;4;0;1;2;0,353;8,31;0;0;0;0;20;0;4;1;1;0
frazige01;1986;1;CHN;NL;2;4;35;0;0;0;0;155;63;31;5;34;41;0,310;5,40;4;3;1;0;243;12;36;2;3;2
frazige01;1986;2;MIN;AL;1;1;15;0;0;0;6;80;23;13;2;16;25;0,232;4,39;1;1;0;0;119;10;13;1;3;1
freemma02;1986;1;PHI;NL;2;0;3;3;0;0;0;48;6;4;0;10;8;0,120;2,25;0;1;0;0;61;0;4;0;1;2
funkto01;1986;1;HOU;NL;0;0;8;0;0;0;0;25;10;6;1;6;2;0,286;6,48;0;0;0;0;41;2;6;0;0;0
galveba01;1986;1;LAN;NL;0;1;10;0;0;0;0;62;19;9;3;12;11;0,241;3,92;2;0;0;2;91;2;10;0;0;0
garbege01;1986;1;ATL;NL;5;5;61;0;0;0;24;234;76;22;3;20;56;0,260;2,54;7;4;1;0;319;48;23;5;1;11
gardnwe01;1986;1;BOS;AL;0;0;1;0;0;0;0;3;1;1;0;0;1;0,333;9,00;0;0;0;0;4;0;1;0;1;0
garresc01;1986;1;SFN;NL;13;9;53;18;2;0;10;521;144;60;17;74;125;0,231;3,11;11;9;2;1;717;27;65;10;7;20
gibsobo02;1986;1;ML4;AL;1;2;11;1;0;0;0;80;23;14;3;23;11;0,232;4,73;1;3;0;0;123;5;18;0;1;1
goodedw01;1986;1;NYN;NL;17;6;33;33;12;2;0;750;197;79;17;80;200;0,215;2,84;3;4;4;4;1020;0;92;10;8;13
gordodo01;1986;1;TOR;AL;0;1;14;0;0;0;1;65;28;17;1;8;13;0,311;7,06;1;0;1;0;102;6;20;1;2;0
gormato03;1986;1;PHI;NL;0;1;8;0;0;0;0;35;21;10;0;5;8;0,382;7,71;1;4;0;0;61;1;10;0;1;0
gossari01;1986;1;SDN;NL;5;7;45;0;0;0;21;194;69;32;8;20;63;0,273;4,45;0;4;2;0;281;38;36;2;4;5
gottji01;1986;1;SFN;NL;0;0;9;2;0;0;1;39;16;11;0;13;9;0,314;7,62;2;1;0;1;66;3;12;1;1;2
grantma01;1986;1;SFN;NL;0;1;4;1;0;0;0;30;6;4;0;5;5;0,176;3,60;0;0;0;1;39;3;4;0;0;1
grossgr01;1986;1;PHI;NL;0;0;1;0;0;0;0;2;1;0;0;1;2;0,333;0,00;0;0;0;0;4;1;0;0;0;0
grosske01;1986;1;PHI;NL;12;12;37;36;7;2;0;725;240;108;28;94;154;0,260;4,02;2;2;8;1;1040;0;115;8;5;12
guantce01;1986;1;PIT;NL;5;2;52;0;0;0;4;234;65;29;11;29;63;0,225;3,35;3;2;3;1;326;24;32;3;2;4
gubicma01;1986;1;KCA;AL;12;6;35;24;3;2;0;542;155;73;8;84;118;0,233;3,64;2;15;5;0;765;2;77;4;8;12
guettle01;1986;1;SEA;AL;0;4;41;4;1;0;0;228;108;62;7;30;38;0,347;7,34;3;2;4;0;353;8;67;3;5;15
guidrro01;1986;1;NYA;AL;9;12;30;30;5;0;0;577;202;85;28;38;140;0,265;3,98;2;3;1;0;809;0;94;5;4;10
gullibi01;1986;1;CIN;NL;15;12;37;37;6;2;0;734;245;92;24;60;121;0,264;3,38;10;3;2;0;1014;0;103;12;13;16
gumpeda01;1986;1;CHN;NL;2;0;38;0;0;0;2;179;60;29;4;28;45;0,267;4,37;7;3;1;0;259;12;32;4;1;5
guzmajo01;1986;1;TEX;AL;9;15;29;29;2;0;0;517;199;87;23;60;87;0,293;4,54;2;3;6;0;757;0;101;7;4;19
haasmo01;1986;1;OAK;AL;7;2;12;12;1;0;0;217;58;22;4;19;40;0,218;2,74;1;0;1;0;290;0;23;2;2;4
habyajo01;1986;1;BAL;AL;1;3;6;5;0;0;0;79;24;13;3;18;14;0,250;4,44;2;1;0;0;117;1;17;2;1;3
halldr01;1986;1;CHN;NL;1;2;5;4;1;0;1;71;24;12;3;10;21;0,267;4,56;0;0;0;0;101;1;12;1;0;3
hargeal01;1986;1;KCA;AL;0;1;5;1;0;0;0;39;18;9;1;7;4;0,340;6,23;2;0;1;0;61;2;9;0;0;3
harrigr01;1986;1;TEX;AL;10;8;73;0;0;0;20;334;103;35;12;42;95;0,251;2,83;6;2;1;1;462;63;40;3;6;15
havenbr01;1986;1;BAL;AL;3;3;46;0;0;0;1;213;64;36;7;29;57;0,248;4,56;1;6;0;0;294;19;37;6;1;7
hawkian01;1986;1;SDN;NL;10;8;37;35;3;1;0;628;218;100;24;75;117;0,268;4,30;7;6;5;2;905;0;111;7;6;12
haywara01;1986;1;SDN;NL;0;2;3;3;0;0;0;30;16;10;1;4;6;0,340;9,00;0;5;0;1;51;0;12;0;0;1
heatone01;1986;1;CLE;AL;3;6;12;12;2;0;0;223;73;35;8;34;24;0,254;4,24;4;2;1;0;324;0;42;2;0;8
heatone01;1986;2;MIN;AL;4;9;21;17;3;0;1;373;128;55;18;47;66;0,273;3,98;4;2;1;0;526;2;60;4;5;13
henketo01;1986;1;TOR;AL;9;5;63;0;0;0;27;274;63;34;6;32;118;0,191;3,35;4;3;1;1;370;51;39;2;6;3
henrydw01;1986;1;TEX;AL;1;0;19;0;0;0;0;58;14;10;1;22;17;0,209;4,66;0;7;1;1;93;4;11;1;2;1
henslch01;1986;1;SFN;NL;0;0;11;0;0;0;1;22;5;2;2;2;6;0,179;2,45;0;0;0;1;30;2;2;0;0;0
hernama01;1986;1;HOU;NL;2;3;9;4;0;0;0;83;33;12;2;12;9;0,306;3,90;3;1;0;0;125;1;15;4;1;1
hernawi01;1986;1;DET;AL;8;7;64;0;0;0;24;266;87;35;13;21;77;0,251;3,55;1;2;5;1;376;53;35;1;3;4
hershor01;1986;1;LAN;NL;14;14;35;35;8;1;0;694;213;99;13;86;153;0,243;3,85;11;12;5;3;988;0;112;14;6;16
heskejo01;1986;1;MON;NL;6;5;15;15;0;0;0;248;92;46;11;31;67;0,283;5,01;4;4;2;3;362;0;46;2;2;4
higuete01;1986;1;ML4;AL;20;11;34;34;15;4;0;745;226;77;26;74;207;0,241;2,79;5;3;3;0;1031;0;84;7;11;13
hoffmgu01;1986;1;CHN;NL;6;2;32;8;1;0;0;252;92;36;6;29;47;0,288;3,86;7;5;2;1;357;6;37;4;3;10
hollaal01;1986;1;NYA;AL;1;0;25;1;0;0;0;122;44;23;5;9;37;0,268;5,09;2;0;0;0;177;10;29;1;3;1
holtobr01;1986;1;LAN;NL;2;3;12;3;0;0;0;73;28;12;1;6;24;0,292;4,44;2;1;1;0;106;4;13;2;1;2
honeyri01;1986;1;LAN;NL;11;9;32;28;0;0;0;513;164;63;9;45;100;0,249;3,32;4;4;3;1;713;2;71;6;1;7
hortori01;1986;1;SLN;NL;4;3;42;9;1;0;3;301;77;25;7;26;49;0,218;2,24;7;1;1;0;387;12;25;3;3;12
houghch01;1986;1;TEX;AL;17;10;33;33;7;2;0;691;188;97;32;89;146;0,221;3,79;2;16;9;0;958;0;115;9;1;17
howelja01;1986;1;OAK;AL;3;6;38;0;0;0;16;160;53;20;3;23;42;0,262;3,38;4;4;1;0;230;33;23;3;1;6
howelke01;1986;1;LAN;NL;6;12;62;0;0;0;12;293;86;42;7;63;104;0,239;3,87;9;4;3;0;437;36;48;8;3;5
hoytla01;1986;1;SDN;NL;8;11;35;25;1;0;0;477;170;91;27;68;85;0,276;5,15;8;2;3;2;699;2;100;10;3;8
hudsoch02;1986;1;PHI;NL;7;10;33;23;0;0;0;432;165;79;20;58;82;0,291;4,94;1;2;0;2;638;2;87;10;3;12
huismma01;1986;1;KCA;AL;0;1;10;0;0;0;1;52;18;8;1;6;13;0,269;4,15;0;1;0;0;74;5;8;0;1;2
huismma01;1986;2;SEA;AL;3;3;36;1;0;0;4;240;80;33;18;19;59;0,256;3,71;0;4;1;0;334;14;39;0;2;10
humeto01;1986;1;PHI;NL;4;1;48;1;0;0;4;283;89;29;5;34;51;0,252;2,77;5;6;3;0;402;9;37;5;7;8
hurstbr01;1986;1;BOS;AL;13;8;25;25;11;4;0;523;169;58;18;50;167;0,256;2,99;2;6;3;0;721;0;63;5;3;14
iorgda01;1986;1;SDN;NL;0;0;2;0;0;0;0;9;5;4;2;1;2;0,357;12,00;0;0;0;0;15;2;4;0;0;0
jacksda02;1986;1;KCA;AL;11;12;32;27;4;1;1;557;177;66;13;79;115;0,256;3,20;1;7;4;0;789;3;83;10;4;24
jacksmi02;1986;1;PHI;NL;0;0;9;0;0;0;0;40;12;5;2;4;3;0,250;3,38;1;0;2;0;54;4;5;0;0;2
jacksro03;1986;1;MIN;AL;0;1;28;0;0;0;1;175;57;25;7;16;32;0,256;3,86;0;3;3;2;249;8;29;2;5;2
jamesbo01;1986;1;CHA;AL;5;4;49;0;0;0;14;175;61;34;8;23;32;0,268;5,25;3;5;4;1;263;40;36;4;4;3
johnsjo04;1986;1;ML4;AL;2;1;19;0;0;0;1;132;43;13;2;10;42;0,251;2,66;1;5;0;0;184;5;15;3;0;2
johnsjo05;1986;1;ATL;NL;6;7;17;15;2;0;0;261;101;48;8;35;49;0,289;4,97;4;1;2;1;390;1;58;3;1;6
johnsjo05;1986;2;TOR;AL;7;2;16;15;0;0;0;264;94;38;3;22;39;0,281;3,89;1;2;3;0;368;0;39;4;4;10
johnto01;1986;1;NYA;AL;5;3;13;10;1;0;0;212;73;23;8;15;28;0,275;2,93;1;2;2;0;290;2;27;5;3;10
jonesba01;1986;1;PIT;NL;3;4;26;0;0;0;3;112;29;12;3;21;29;0,215;2,89;2;2;0;0;159;10;16;2;1;4
jonesdo01;1986;1;CLE;AL;1;0;11;0;0;0;1;54;18;5;0;6;12;0,257;2,50;1;0;1;0;79;5;5;1;1;1
jonesji02;1986;1;SDN;NL;2;0;3;3;1;1;0;54;10;5;1;3;15;0,164;2,50;0;0;0;0;65;0;6;1;0;0
jonesod01;1986;1;BAL;AL;2;2;21;0;0;0;0;148;58;21;4;23;32;0,305;3,83;6;2;0;0;219;12;22;2;4;6
kellybr01;1986;1;DET;AL;1;2;6;4;0;0;0;60;21;10;4;10;18;0,269;4,50;1;0;0;0;88;1;11;0;0;3
keougma02;1986;1;CHN;NL;2;2;19;2;0;0;0;87;36;16;4;12;19;0,316;4,97;2;4;1;2;129;3;17;2;0;3
keougma02;1986;2;HOU;NL;3;2;10;5;0;0;0;105;22;12;5;18;25;0,180;3,09;2;2;1;0;143;2;14;1;1;3
kepshku01;1986;1;SLN;NL;0;1;2;1;0;0;0;24;8;4;2;4;6;0,258;4,50;0;0;0;1;35;1;4;0;0;1
kerfech01;1986;1;HOU;NL;11;2;61;0;0;0;7;281;71;27;5;42;77;0,213;2,59;3;7;2;2;390;29;32;6;7;8
kernji01;1986;1;CLE;AL;1;1;16;0;0;0;0;82;34;24;1;23;11;0,298;7,90;0;3;3;0;142;4;28;2;0;3
keyji01;1986;1;TOR;AL;14;11;36;35;4;2;0;696;222;92;24;74;141;0,256;3,57;1;3;3;0;959;0;98;10;6;21
kinger01;1986;1;DET;AL;11;4;33;16;3;1;3;415;108;54;11;63;79;0,216;3,51;3;4;8;3;579;9;54;6;1;10
kinnumi01;1986;1;BAL;AL;0;0;9;0;0;0;0;21;8;5;1;5;1;0,308;6,43;0;1;0;0;31;4;6;0;0;2
kippebo01;1986;1;PIT;NL;6;8;20;19;0;0;0;342;123;51;17;34;81;0,272;4,03;3;3;2;3;496;1;60;3;3;3
kneppbo01;1986;1;HOU;NL;17;12;40;38;8;5;0;774;232;90;19;62;143;0,242;3,14;13;5;4;0;1053;1;100;22;5;24
knudsma01;1986;1;HOU;NL;1;5;9;7;0;0;0;128;48;20;5;15;20;0,279;4,22;5;1;1;0;191;1;23;3;0;0
knudsma01;1986;2;ML4;AL;0;1;4;1;0;0;0;53;22;15;7;5;9;0,286;7,64;1;1;0;0;82;1;15;0;0;0
krawcra01;1986;1;PIT;NL;0;1;12;0;0;0;0;37;17;10;3;10;7;0,321;7,30;0;0;0;0;65;2;13;1;1;0
kruegbi01;1986;1;OAK;AL;1;2;11;3;0;0;1;103;40;23;4;13;10;0,301;6,03;0;3;0;1;149;4;25;1;2;2
krukomi01;1986;1;SFN;NL;20;9;34;34;10;2;0;735;204;83;24;55;178;0,223;3,05;4;4;4;0;987;0;90;10;5;13
lacosmi01;1986;1;SFN;NL;10;13;37;31;4;1;0;613;179;81;14;70;86;0,240;3,57;8;5;6;5;842;1;99;16;3;17
laddpe01;1986;1;SEA;AL;8;6;52;0;0;0;6;212;69;30;10;18;53;0,258;3,82;3;2;3;0;294;33;33;0;6;7
lahtije01;1986;1;SLN;NL;0;0;4;0;0;0;0;7;3;0;0;1;3;0,333;0,00;0;0;0;0;10;1;0;0;0;0
lampde01;1986;1;TOR;AL;2;6;40;2;0;0;2;219;93;41;5;23;30;0,309;5,05;6;2;0;0;329;11;50;4;1;11
landrbi01;1986;1;CIN;NL;0;0;10;0;0;0;0;40;23;10;0;4;14;0,390;6,75;0;0;0;0;65;4;11;1;1;2
langfri01;1986;1;OAK;AL;1;10;16;11;0;0;0;165;69;45;13;18;30;0,300;7,36;0;2;1;0;251;1;49;0;2;3
langsma01;1986;1;SEA;AL;12;14;37;36;9;0;0;718;234;129;30;123;245;0,255;4,85;1;10;4;3;1057;1;142;5;8;22
lapoida01;1986;1;DET;AL;3;6;16;8;0;0;0;203;85;43;11;32;36;0,307;5,72;3;2;0;1;314;2;49;4;1;5
lapoida01;1986;2;SDN;NL;1;4;24;4;0;0;0;184;67;29;8;24;41;0,276;4,26;4;1;1;4;274;4;37;5;1;5
laskebi01;1986;1;SFN;NL;1;1;20;0;0;0;1;82;28;13;5;13;8;0,275;4,28;1;0;0;0;117;7;14;1;1;5
lathabi01;1986;1;MIN;AL;0;1;7;2;0;0;0;48;24;13;1;6;8;0,358;7,31;0;0;1;0;77;2;14;1;2;3
lawva01;1986;1;MON;NL;0;0;3;0;0;0;0;12;3;1;0;2;0;0,214;2,25;0;1;0;0;16;3;2;0;0;1
lazorja01;1986;1;DET;AL;0;0;3;0;0;0;0;20;8;3;0;4;3;0,296;4,05;1;0;0;0;31;2;3;0;0;2
leachte01;1986;1;NYN;NL;0;0;6;0;0;0;0;20;6;2;0;3;4;0,222;2,70;0;0;0;0;30;1;3;0;0;0
learyti01;1986;1;ML4;AL;12;12;33;30;3;2;0;565;216;88;20;53;110;0,289;4,21;4;7;7;0;817;2;97;4;6;17
leffecr01;1986;1;SDN;NL;9;8;83;0;0;0;4;323;98;37;7;44;72;0,253;3,09;11;1;1;1;446;36;41;9;5;10
leibrch01;1986;1;KCA;AL;14;11;35;34;8;1;0;694;238;105;18;63;108;0,268;4,09;0;2;4;1;975;0;112;14;5;23
leipeda01;1986;1;OAK;AL;2;2;33;0;0;0;1;95;28;17;3;18;15;0,252;4,83;4;2;2;0;136;9;17;2;3;2
leonade01;1986;1;KCA;AL;8;13;33;30;5;2;0;578;207;95;22;51;114;0,275;4,44;6;6;4;1;821;0;106;4;9;12
lerchra01;1986;1;PHI;NL;1;1;4;0;0;0;0;24;10;7;0;7;5;0,286;7,88;1;1;0;0;42;1;8;0;0;0
lollati01;1986;1;BOS;AL;2;0;32;1;0;0;0;129;51;33;7;34;28;0,304;6,91;3;5;3;1;211;4;35;2;4;2
lopezau01;1986;1;HOU;NL;3;3;45;0;0;0;7;234;64;30;6;25;44;0,221;3,46;1;0;0;0;321;22;32;3;4;3
loyndmi01;1986;1;TEX;AL;2;2;9;8;0;0;1;126;49;25;4;19;33;0,290;5,36;1;2;2;0;193;1;30;1;2;3
lucasga01;1986;1;CAL;AL;4;1;27;0;0;0;2;137;45;16;1;6;31;0,253;3,15;0;5;0;0;185;11;19;0;1;3
lugour01;1986;1;CAL;AL;1;1;6;3;0;0;0;64;21;9;4;6;9;0,266;3,80;0;0;0;0;86;0;9;1;0;5
lynched01;1986;1;NYN;NL;0;0;1;0;0;0;0;5;2;0;0;0;1;0,286;0,00;0;0;0;0;7;0;0;0;0;0
lynched01;1986;2;CHN;NL;7;5;23;13;1;1;0;299;105;42;10;23;57;0,279;3,79;6;0;1;0;409;3;48;5;3;9
maddemi01;1986;1;HOU;NL;1;2;13;6;0;0;0;119;47;18;3;22;30;0,297;4,08;3;5;0;0;185;1;20;4;1;3
maddugr01;1986;1;CHN;NL;2;4;6;5;1;0;0;93;44;19;3;11;20;0,336;5,52;2;2;1;0;144;1;20;1;0;3
maddumi01;1986;1;PHI;NL;3;7;16;16;0;0;0;234;88;47;6;34;44;0,286;5,42;4;4;3;2;351;0;56;3;3;5
mahlemi01;1986;1;TEX;AL;0;2;29;5;0;0;3;189;71;29;3;29;28;0,295;4,14;2;5;3;0;278;8;31;1;4;9
mahlemi01;1986;2;TOR;AL;0;0;2;0;0;0;0;3;1;0;0;0;0;0,200;0,00;0;0;1;0;6;0;0;0;0;0
mahleri01;1986;1;ATL;NL;14;18;39;39;7;1;0;713;283;129;25;95;137;0,301;4,88;10;5;3;1;1056;0;139;10;8;28
martide01;1986;1;BAL;AL;0;0;4;0;0;0;0;20;11;5;0;2;2;0,367;6,75;0;1;0;0;33;1;5;0;1;0
martide01;1986;2;MON;NL;3;6;19;15;1;1;0;294;103;50;11;28;63;0,274;4,59;4;2;3;2;416;1;52;8;1;3
martiti01;1986;1;BAL;AL;0;2;14;0;0;0;1;48;18;10;1;12;11;0,295;5,63;1;1;0;0;74;5;10;0;1;2
masonmi01;1986;1;TEX;AL;7;3;27;22;2;1;0;405;135;65;11;56;85;0,257;4,33;3;5;0;1;587;2;71;3;3;9
masonro01;1986;1;SFN;NL;3;4;11;11;1;0;0;180;56;32;5;30;43;0,250;4,80;3;1;3;0;262;0;35;2;3;4
mathegr01;1986;1;SLN;NL;11;8;23;22;1;0;0;436;139;59;15;44;67;0,259;3,65;3;5;2;6;591;1;61;7;1;15
mccaski01;1986;1;CAL;AL;17;10;34;33;10;2;0;739;207;92;19;92;202;0,229;3,36;1;10;5;2;1013;1;98;6;5;18
mcclubo01;1986;1;ML4;AL;2;1;13;0;0;0;0;49;18;7;2;10;11;0,286;3,86;1;0;0;0;75;7;7;1;1;2
mcclubo01;1986;2;MON;NL;2;5;52;0;0;0;6;188;53;21;2;23;42;0,233;3,02;2;1;1;1;257;15;22;3;2;7
mcculla01;1986;1;SDN;NL;10;10;70;7;0;0;5;408;103;42;12;58;92;0,216;2,78;9;5;4;3;550;29;46;8;3;8
mcdowro01;1986;1;NYN;NL;14;9;75;0;0;0;22;384;107;43;4;42;65;0,228;3,02;5;3;3;3;524;52;48;7;3;15
mcgafan01;1986;1;MON;NL;10;5;48;14;1;1;2;428;114;42;9;55;104;0,223;2,65;8;5;2;4;583;8;49;10;5;11
mcgresc01;1986;1;BAL;AL;11;15;34;33;4;2;0;609;216;102;35;57;95;0,270;4,52;0;5;3;0;868;1;110;3;6;14
mckeojo01;1986;1;CHA;AL;3;1;30;0;0;0;1;99;18;9;2;17;18;0,165;2,45;2;0;0;0;129;5;10;1;2;2
mcmurcr01;1986;1;ATL;NL;1;6;37;5;0;0;0;239;82;42;7;43;50;0,265;4,74;5;2;2;0;356;5;46;0;2;9
mcwilla01;1986;1;PIT;NL;3;11;49;15;0;0;0;367;129;70;16;49;80;0,269;5,15;5;5;7;0;545;11;75;8;0;8
meridro01;1986;1;TEX;AL;1;0;5;0;0;0;0;9;2;1;0;1;2;0,286;3,00;1;0;0;0;10;0;1;1;1;1
mintogr01;1986;1;SFN;NL;4;4;48;0;0;0;5;206;63;30;4;34;34;0,251;3,93;15;3;1;0;296;28;35;7;3;8
mirabpa01;1986;1;SEA;AL;0;0;8;0;0;0;0;19;13;6;1;3;6;0,419;8,53;0;1;0;0;34;2;7;0;0;0
mitchjo02;1986;1;NYN;NL;0;1;4;1;0;0;0;30;10;4;1;4;2;0,278;3,60;0;2;0;0;40;1;4;0;0;2
mohorda01;1986;1;TEX;AL;2;4;58;0;0;0;7;237;86;22;5;15;29;0,279;2,51;6;1;1;0;325;20;25;1;0;9
montara01;1986;1;HOU;NL;0;0;1;0;0;0;0;3;1;1;0;2;0;0,250;9,00;0;0;0;0;6;0;1;0;0;0
montejo01;1986;1;NYA;AL;0;0;4;0;0;0;0;37;9;3;2;5;3;0,200;2,19;0;0;0;0;50;1;3;0;0;0
moonebi01;1986;1;OAK;AL;4;5;45;6;0;0;2;299;103;50;4;67;75;0,270;4,52;4;2;3;0;456;18;53;3;2;13
mooredo01;1986;1;CAL;AL;4;5;49;0;0;0;21;218;60;24;10;22;53;0,228;2,97;4;4;0;1;295;42;28;7;3;6
mooremi01;1986;1;SEA;AL;11;13;38;37;11;1;1;798;279;127;28;94;146;0,273;4,30;6;4;12;1;1145;1;141;10;6;28
morgami01;1986;1;SEA;AL;11;17;37;33;9;1;1;649;243;109;24;86;116;0,286;4,53;3;8;4;1;951;2;122;7;3;28
morrija02;1986;1;DET;AL;21;8;35;35;15;6;0;801;229;97;40;82;223;0,229;3,27;7;12;0;0;1092;0;105;7;3;20
moyerja01;1986;1;CHN;NL;7;4;16;16;1;1;0;262;107;49;10;42;45;0,311;5,05;1;3;3;3;395;0;52;3;3;13
mulhote01;1986;1;SFN;NL;1;7;15;10;0;0;0;164;51;30;3;35;27;0,251;4,94;2;6;1;0;245;1;33;5;1;7
murphro01;1986;1;CIN;NL;6;0;34;0;0;0;1;151;26;4;0;21;36;0,155;0,72;2;5;0;0;195;12;4;3;3;3
musseje01;1986;1;TOR;AL;0;0;6;0;0;0;0;16;8;6;1;5;4;0,333;10,13;1;0;0;0;29;0;7;0;0;1
myersra01;1986;1;NYN;NL;0;0;10;0;0;0;0;32;11;5;1;9;13;0,256;4,22;1;0;1;0;53;5;5;0;0;1
nelsoge01;1986;1;CHA;AL;6;6;54;1;0;0;6;344;118;49;7;41;70;0,271;3,85;5;3;3;0;488;26;52;7;1;9
niedeto01;1986;1;LAN;NL;6;6;60;0;0;0;11;240;86;33;11;29;55;0,280;3,71;15;2;1;0;345;27;35;5;3;3
niekrjo01;1986;1;NYA;AL;9;10;25;25;0;0;0;377;139;68;15;63;59;0,275;4,87;3;10;1;1;571;0;84;1;0;9
niekrph01;1986;1;CLE;AL;11;11;34;32;5;0;0;631;241;101;24;95;81;0,287;4,32;1;9;6;2;951;1;126;7;2;22
nielssc01;1986;1;NYA;AL;4;4;10;9;2;2;0;168;66;25;12;12;20;0,299;4,02;0;0;2;0;235;1;29;0;0;9
niemara01;1986;1;NYN;NL;2;3;31;1;0;0;0;107;44;15;2;12;18;0,308;3,79;2;2;0;0;158;11;17;2;1;3
nieveju01;1986;1;ML4;AL;11;12;35;33;4;3;0;554;224;101;17;77;116;0,299;4,92;0;3;1;1;834;0;124;3;5;20
nippeal01;1986;1;BOS;AL;10;12;26;26;3;0;0;477;186;95;24;47;79;0,290;5,38;2;1;4;1;702;0;108;4;5;11
nolesdi01;1986;1;CLE;AL;3;2;32;0;0;0;0;164;56;31;9;30;32;0,269;5,10;4;1;5;1;251;9;33;3;5;5
nunezed01;1986;1;SEA;AL;1;2;14;1;0;0;0;65;25;14;5;5;17;0,284;5,82;1;0;0;0;93;6;15;0;0;0
oelkebr01;1986;1;CLE;AL;3;3;35;4;0;0;1;207;70;36;13;40;33;0,262;4,70;2;4;6;0;318;8;38;3;2;8
ojedabo01;1986;1;NYN;NL;18;5;32;30;7;2;0;652;185;62;15;52;148;0,230;2,57;3;2;2;1;871;1;72;10;3;19
olwined01;1986;1;ATL;NL;0;0;37;0;0;0;1;143;35;18;5;17;37;0,207;3,40;7;5;1;2;189;12;20;1;1;6
onealra01;1986;1;DET;AL;3;7;37;11;1;0;2;368;121;59;13;44;68;0,260;4,33;9;8;3;0;522;9;69;3;6;13
ontivst02;1986;1;OAK;AL;2;2;46;0;0;0;10;218;72;38;10;25;54;0,265;4,71;3;4;1;0;305;27;40;1;6;8
oroscje01;1986;1;NYN;NL;8;6;58;0;0;0;21;243;64;21;6;35;62;0,217;2,33;3;2;3;0;338;40;23;2;3;7
owchibo01;1986;1;MON;NL;1;0;3;3;0;0;0;45;17;6;1;3;6;0,288;3,60;0;1;0;0;62;0;6;0;0;1
ownberi01;1986;1;SLN;NL;1;3;17;3;0;0;0;128;47;18;4;19;25;0,294;3,80;0;2;2;0;185;4;20;2;2;3
paceljo01;1986;1;DET;AL;0;0;5;0;0;0;1;33;10;5;0;13;5;0,294;4,09;1;0;0;1;51;1;5;2;2;1
palmeda01;1986;1;ATL;NL;11;10;35;35;2;0;0;629;181;85;17;102;170;0,234;3,65;8;9;5;0;889;0;98;4;5;15
parreje01;1986;1;MON;NL;0;1;12;0;0;0;0;61;19;11;3;13;21;0,247;4,87;0;2;0;0;91;6;11;0;1;1
pastofr01;1986;1;MIN;AL;3;1;33;1;0;0;2;148;54;22;4;24;18;0,283;4,01;6;1;0;0;223;15;28;4;4;6
pattebo01;1986;1;PIT;NL;2;3;11;5;0;0;0;109;49;20;0;5;20;0,322;4,95;2;0;0;1;159;2;20;1;1;2
penaal01;1986;1;LAN;NL;1;2;24;10;0;0;1;210;74;38;6;30;46;0,270;4,89;5;1;1;1;309;6;40;3;1;3
penahi01;1986;1;PIT;NL;0;3;10;1;0;0;1;25;7;8;3;3;6;0,206;8,64;1;0;1;0;38;3;10;0;0;0
perrypa02;1986;1;SLN;NL;2;3;46;0;0;0;2;206;59;29;5;34;29;0,239;3,80;9;5;0;0;288;20;31;0;7;8
petryda01;1986;1;DET;AL;5;10;20;20;2;0;0;348;122;60;15;53;56;0,268;4,66;3;5;5;0;520;0;78;3;3;12
plesada01;1986;1;ML4;AL;10;7;51;0;0;0;14;273;81;30;5;29;75;0,240;2,97;1;4;0;0;377;33;34;6;5;4
plunker01;1986;1;OAK;AL;4;7;26;15;0;0;0;361;91;71;14;102;98;0,214;5,31;2;9;5;6;537;2;75;2;3;13
portuma01;1986;1;MIN;AL;6;10;27;15;3;0;1;338;112;54;10;50;67;0,265;4,31;1;5;1;0;481;7;56;5;3;16
powelde01;1986;1;LAN;NL;2;7;27;6;0;0;0;196;65;31;5;25;31;0,272;4,27;7;7;1;2;272;5;32;5;2;9
powerte01;1986;1;CIN;NL;10;6;56;10;0;0;1;387;115;53;13;52;95;0,245;3,70;10;5;1;1;537;30;59;9;6;13
pricejo02;1986;1;CIN;NL;1;2;25;2;0;0;0;125;49;25;5;22;30;0,293;5,40;2;1;0;0;194;2;30;0;5;3
puleoch01;1986;1;ATL;NL;1;2;5;3;1;0;0;73;13;8;4;12;18;0,160;2,96;1;0;1;0;97;2;10;2;1;1
pulidal01;1986;1;NYA;AL;1;1;10;3;0;0;1;92;38;16;8;9;13;0,306;4,70;0;1;0;0;135;3;17;1;1;4
quiseda01;1986;1;KCA;AL;3;7;62;0;0;0;12;244;92;25;2;24;36;0,291;2,77;12;0;3;0;352;54;30;4;5;10
rasmude01;1986;1;NYA;AL;18;6;31;31;3;1;0;606;160;87;28;74;131;0,217;3,88;0;5;2;0;819;0;91;1;5;15
rawlesh01;1986;1;PHI;NL;11;7;23;23;7;1;0;473;166;62;13;50;73;0,270;3,54;4;1;1;1;673;0;67;5;2;13
reardje01;1986;1;MON;NL;7;9;62;0;0;0;35;267;83;39;12;26;67;0,251;3,94;2;0;1;0;368;48;42;9;1;8
reedje01;1986;1;SEA;AL;4;0;11;4;0;0;0;104;38;12;3;13;16;0,273;3,12;0;1;0;0;152;4;13;0;0;3
reuscri01;1986;1;PIT;NL;9;16;35;34;4;2;0;647;232;95;20;57;125;0,275;3,96;2;6;8;1;930;0;106;9;10;15
reussje01;1986;1;LAN;NL;2;6;19;13;0;0;1;222;96;48;13;17;29;0,313;5,84;4;2;2;0;331;3;57;5;0;5
reynocr01;1986;1;HOU;NL;0;0;1;0;0;0;0;3;3;3;0;2;1;0,500;27,00;0;1;0;0;8;1;3;0;0;0
rhoderi01;1986;1;PIT;NL;15;12;34;34;12;1;0;761;211;80;17;76;159;0,228;2,84;8;6;2;4;1015;0;82;6;5;16
righeda01;1986;1;NYA;AL;8;8;74;0;0;0;46;320;88;29;4;35;83;0,226;2,45;7;1;2;0;435;68;31;5;4;13
rijojo01;1986;1;OAK;AL;9;11;39;26;4;0;1;581;172;100;24;108;176;0,237;4,65;7;6;4;4;856;9;116;10;9;4
rileyge01;1986;1;MON;NL;0;0;10;0;0;0;0;26;7;4;0;8;5;0,212;4,15;3;0;1;0;43;4;4;0;1;0
rittere01;1986;1;CLE;AL;0;0;5;0;0;0;0;30;14;7;1;4;6;0,341;6,30;0;0;1;0;48;2;10;0;2;1
roberbe01;1986;1;MON;NL;0;4;21;0;0;0;1;86;33;20;2;10;20;0,295;6,28;3;1;1;2;128;10;20;3;2;1
robindo01;1986;1;PIT;NL;3;4;50;0;0;0;14;208;61;26;5;27;53;0,237;3,38;3;4;2;1;295;41;27;5;4;3
robinje01;1986;1;SFN;NL;6;3;64;1;0;0;8;313;92;39;8;32;90;0,234;3,36;7;11;1;0;431;22;46;1;3;8
robinro01;1986;1;CIN;NL;10;3;70;0;0;0;14;350;110;42;10;43;117;0,253;3,24;8;3;2;0;487;32;44;4;3;7
rodriri01;1986;1;OAK;AL;1;2;3;3;0;0;0;49;17;12;4;7;2;0,262;6,61;0;2;0;1;72;0;12;0;0;1
romanjo02;1986;1;CLE;AL;1;2;6;5;0;0;0;66;23;16;3;17;9;0,280;6,55;0;0;1;0;105;0;20;1;4;2
romanro01;1986;1;CAL;AL;5;8;18;18;1;1;0;319;124;65;13;44;38;0,297;5,50;0;4;0;0;470;0;68;3;5;9
rozemda01;1986;1;TEX;AL;0;0;6;0;0;0;0;32;19;7;1;3;3;0,404;5,91;0;0;0;0;52;0;9;0;2;1
ruckeda01;1986;1;PHI;NL;0;2;19;0;0;0;0;75;34;16;4;14;14;0,340;5,76;3;2;0;0;119;5;19;2;3;4
ruffibr01;1986;1;PHI;NL;9;4;21;21;6;0;0;439;138;40;6;44;70;0,251;2,46;6;0;1;1;600;0;53;2;4;17
ruhleve01;1986;1;CAL;AL;1;3;16;3;0;0;1;143;46;22;5;7;23;0,247;4,15;0;1;1;0;197;5;25;1;2;4
russeje01;1986;1;TEX;AL;5;2;37;0;0;0;2;246;74;31;11;31;54;0,244;3,40;2;5;1;0;338;9;40;1;2;10
ruthvdi01;1986;1;CHN;NL;0;0;6;0;0;0;0;32;12;6;4;6;3;0,293;5,06;0;0;0;0;47;3;9;0;0;3
ryanno01;1986;1;HOU;NL;12;8;30;30;1;0;0;534;119;66;14;82;194;0,188;3,34;5;15;4;0;729;0;72;5;4;9
saberbr01;1986;1;KCA;AL;7;12;30;25;4;2;0;468;165;72;15;29;112;0,268;4,15;1;1;2;1;652;4;77;3;3;9
sambijo01;1986;1;BOS;AL;2;0;53;0;0;0;12;134;54;24;4;16;30;0,298;4,84;3;4;2;0;200;27;26;1;0;6
sandesc01;1986;1;CHN;NL;9;11;37;28;1;1;1;509;165;79;21;37;124;0,255;4,19;2;3;2;1;697;2;85;6;5;10
sauveri01;1986;1;PIT;NL;0;0;3;3;0;0;0;36;17;8;3;6;6;0,354;6,00;0;0;2;2;57;0;8;1;0;1
schatda01;1986;1;MON;NL;3;2;30;1;0;0;1;177;53;21;6;19;33;0,240;3,20;2;1;0;0;244;9;29;2;2;5
schatda01;1986;2;PHI;NL;3;3;25;0;0;0;1;88;28;11;3;16;14;0,252;3,38;7;0;0;0;131;10;14;3;1;3
scherbi01;1986;1;DET;AL;0;1;13;0;0;0;0;63;19;17;3;22;16;0,244;7,29;4;1;1;0;103;8;19;2;0;2
schirca01;1986;1;BOS;AL;4;2;25;0;0;0;9;153;36;8;5;15;55;0,201;1,41;2;1;1;0;198;21;8;2;1;4
schmida01;1986;1;CHA;AL;3;6;49;1;0;0;8;277;94;34;10;27;67;0,264;3,31;7;5;5;0;394;21;37;3;3;10
schroke01;1986;1;CLE;AL;14;7;34;33;3;1;0;618;217;104;34;49;87;0,271;4,54;3;2;12;1;883;1;118;8;12;17
schuldo01;1986;1;CLE;AL;4;4;19;13;1;0;0;254;88;47;9;34;33;0,266;5,00;0;6;5;0;371;1;48;0;1;3
scottmi03;1986;1;HOU;NL;18;10;37;37;7;5;0;826;182;68;17;72;306;0,186;2,22;6;3;2;0;1065;0;73;8;6;11
scurrro01;1986;1;NYA;AL;1;2;31;0;0;0;2;118;38;16;1;22;36;0,252;3,66;1;5;2;0;177;10;18;2;0;3
searara01;1986;1;ML4;AL;0;1;17;0;0;0;1;66;29;17;6;9;10;0,315;6,95;1;1;1;1;103;8;17;1;0;3
searara01;1986;2;CHA;AL;1;0;29;0;0;0;0;87;15;2;1;19;26;0,156;0,62;3;0;0;0;117;9;3;0;2;1
seaveto01;1986;1;CHA;AL;2;6;12;12;1;0;0;216;66;35;9;27;31;0,242;4,38;1;1;5;0;309;0;37;2;2;6
seaveto01;1986;2;BOS;AL;5;7;16;16;1;0;0;313;114;44;8;29;72;0,278;3,80;1;3;2;0;450;0;46;5;4;8
sebrabo01;1986;1;MON;NL;5;5;17;13;3;1;0;274;82;36;9;25;66;0,239;3,55;2;2;3;3;377;4;39;3;3;5
selleje01;1986;1;BOS;AL;3;7;14;13;1;0;0;246;90;45;13;40;51;0,282;4,94;1;4;3;1;366;0;56;2;2;12
shielst01;1986;1;ATL;NL;0;0;6;0;0;0;0;38;13;10;4;7;6;0,271;7,11;0;0;0;0;55;2;10;0;0;2
shielst01;1986;2;KCA;AL;0;0;3;0;0;0;0;26;3;2;1;4;2;0,111;2,08;1;1;0;0;33;2;3;0;2;1
shirlbo01;1986;1;NYA;AL;0;4;39;6;0;0;3;316;108;59;13;40;64;0,271;5,04;1;1;3;0;454;9;60;5;8;5
shower01;1986;1;SDN;NL;9;5;24;22;2;0;0;409;109;45;11;69;94;0,225;2,97;4;3;4;2;569;1;47;10;1;6
siskdo01;1986;1;NYN;NL;4;2;41;0;0;0;1;212;77;24;0;31;31;0,282;3,06;5;2;5;1;312;15;31;3;0;7
slatoji01;1986;1;CAL;AL;4;6;14;12;0;0;0;220;84;46;9;29;31;0,295;5,65;1;1;2;0;323;1;52;1;6;5
slatoji01;1986;2;DET;AL;0;0;22;0;0;0;2;120;46;18;5;11;12;0,288;4,05;3;1;1;0;174;12;18;0;2;2
smilejo01;1986;1;PIT;NL;1;0;12;0;0;0;0;35;4;5;2;4;9;0,105;3,86;0;0;0;0;42;2;6;0;0;0
smithbr01;1986;1;MON;NL;10;8;30;30;1;0;0;562;182;82;15;63;105;0,252;3,94;6;4;6;2;807;0;101;10;3;12
smithda02;1986;1;HOU;NL;4;7;54;0;0;0;33;168;39;17;5;22;46;0,200;2,73;3;2;1;0;223;51;17;4;1;4
smithle02;1986;1;CHN;NL;9;9;66;0;0;0;31;271;69;31;7;42;93;0,215;3,09;11;2;0;0;372;59;32;6;3;8
smithmi03;1986;1;MIN;AL;13;14;34;33;8;1;0;594;234;105;26;57;114;0,294;4,77;4;15;14;1;880;1;123;5;8;24
smithmi04;1986;1;CIN;NL;0;0;2;1;0;0;0;10;7;5;0;1;1;0,412;13,50;0;0;0;0;18;1;5;0;0;0
smithro01;1986;1;MIN;AL;0;2;5;0;0;0;0;31;13;8;1;5;8;0,295;6,97;1;0;1;0;50;2;8;0;0;0
smithza01;1986;1;ATL;NL;8;16;38;32;3;1;1;614;209;92;8;105;139;0,275;4,05;6;8;5;0;889;2;109;13;6;35
snellna01;1986;1;BAL;AL;2;1;34;0;0;0;0;217;69;31;9;22;29;0,257;3,86;4;2;1;0;297;18;36;3;3;11
soffra01;1986;1;SLN;NL;4;2;30;0;0;0;0;115;37;14;4;13;22;0,255;3,29;1;2;0;1;162;9;17;2;2;2
solanju01;1986;1;HOU;NL;3;1;16;1;0;0;0;96;39;27;5;22;21;0,310;7,59;2;3;3;1;155;3;28;3;1;1
sotoma01;1986;1;CIN;NL;5;10;19;19;1;1;0;315;113;55;15;46;67;0,280;4,71;6;3;1;0;461;0;61;6;4;6
speckcl01;1986;1;ATL;NL;2;1;13;1;0;0;0;85;25;13;2;15;21;0,238;4,13;0;2;1;1;123;3;13;1;1;2
stanlbo01;1986;1;BOS;AL;6;6;66;1;0;0;16;247;109;40;9;22;54;0,322;4,37;8;1;0;0;366;50;48;2;4;12
stclara01;1986;1;MON;NL;2;0;11;0;0;0;1;57;13;5;2;6;21;0,186;2,37;1;1;0;0;76;2;5;0;0;1
stewada01;1986;1;PHI;NL;0;0;8;0;0;0;0;37;15;9;1;4;9;0,306;6,57;0;1;0;3;56;2;9;0;3;0
stewada01;1986;2;OAK;AL;9;5;29;17;4;1;0;448;137;62;15;65;102;0,242;3,74;0;9;3;0;644;2;67;4;4;9
stewasa01;1986;1;BOS;AL;4;1;27;0;0;0;0;191;64;31;7;48;47;0,266;4,38;2;5;0;1;295;5;33;1;5;6
stiebda01;1986;1;TOR;AL;7;12;37;34;1;1;1;615;239;108;29;87;127;0,297;4,74;1;7;15;0;919;2;128;6;6;21
stoddbo01;1986;1;SDN;NL;1;0;18;0;0;0;1;70;20;6;1;11;17;0,227;2,31;1;2;1;0;102;5;7;1;1;1
stoddti01;1986;1;SDN;NL;1;3;30;0;0;0;0;136;33;19;6;34;47;0,200;3,77;6;2;0;0;203;9;20;4;0;2
stoddti01;1986;2;NYA;AL;4;1;24;0;0;0;0;148;41;21;6;23;34;0,232;3,83;3;3;0;0;208;6;23;6;2;4
sutclri01;1986;1;CHN;NL;5;14;28;27;4;1;0;530;166;91;18;96;122;0,252;4,64;8;13;1;1;764;0;92;6;2;9
suttebr01;1986;1;ATL;NL;2;0;16;0;0;0;3;56;17;9;3;9;16;0,243;4,34;2;0;0;0;80;11;9;1;0;2
suttodo01;1986;1;CAL;AL;15;11;34;34;3;1;0;621;192;86;31;49;116;0,242;3,74;2;4;3;1;853;0;93;3;3;11
swaggbi01;1986;1;BAL;AL;0;0;1;0;0;0;0;3;6;2;0;1;1;0,750;18,00;1;1;0;0;9;0;2;0;0;0
swiftbi02;1986;1;SEA;AL;2;9;29;17;1;0;0;346;148;70;5;55;55;0,319;5,46;2;2;7;1;534;3;85;5;3;17
swindgr01;1986;1;CLE;AL;5;2;9;9;1;0;0;185;57;29;9;15;46;0,243;4,23;0;3;1;2;255;0;35;3;1;1
tananfr01;1986;1;DET;AL;12;9;32;31;3;1;0;565;196;87;23;65;119;0,268;4,16;9;7;3;1;812;1;95;8;5;18
tekulke01;1986;1;PHI;NL;11;5;73;0;0;0;4;330;99;31;2;25;57;0,240;2,54;10;3;0;1;446;34;35;4;4;8
terrewa01;1986;1;DET;AL;15;12;34;33;9;2;0;652;199;110;30;98;93;0,245;4,56;5;5;3;0;918;1;116;2;3;25
terrysc01;1986;1;CIN;NL;1;2;28;3;0;0;0;167;66;38;8;32;32;0,300;6,14;3;2;0;0;258;7;40;5;1;4
tewksbo01;1986;1;NYA;AL;9;5;23;20;2;0;0;391;144;48;8;31;49;0,282;3,31;0;3;5;2;558;0;58;4;7;13
thigpbo01;1986;1;CHA;AL;2;0;20;0;0;0;7;107;26;7;1;12;20;0,205;1,77;0;0;1;0;142;14;7;1;1;4
thurmma01;1986;1;SDN;NL;3;7;17;15;2;1;0;212;96;51;7;27;32;0,325;6,50;5;0;0;1;328;0;58;4;2;7
thurmma01;1986;2;DET;AL;4;1;25;4;0;0;3;155;44;11;7;17;17;0,234;1,92;2;1;0;0;209;5;13;3;1;6
tibbsja01;1986;1;MON;NL;7;9;35;31;3;2;0;571;181;84;12;70;117;0,256;3,97;3;7;3;2;797;2;96;13;4;18
tolivfr01;1986;1;PHI;NL;0;2;5;5;0;0;0;77;28;10;0;11;20;0,286;3,51;0;2;0;0;112;0;14;3;0;3
tomlida01;1986;1;MON;NL;0;0;7;0;0;0;0;31;13;6;1;7;6;0,317;5,23;2;1;1;0;52;6;8;2;1;1
troutst01;1986;1;CHN;NL;5;7;37;25;0;0;0;483;184;85;6;78;69;0,298;4,75;13;6;1;1;711;3;88;9;6;18
trujimi01;1986;1;BOS;AL;0;0;3;0;0;0;0;17;7;6;0;6;4;0,304;9,53;2;1;0;0;30;1;6;1;0;0
trujimi01;1986;2;SEA;AL;3;2;11;4;1;1;1;124;32;11;5;15;19;0,215;2,40;1;0;0;0;167;4;11;2;1;5
tudorjo01;1986;1;SLN;NL;13;7;30;30;3;0;0;657;197;71;22;53;107;0,244;2,92;5;2;1;1;879;0;81;9;8;18
valdese01;1986;1;MON;NL;0;4;5;5;0;0;0;75;39;19;2;11;20;0,361;6,84;0;2;1;0;120;0;20;0;0;4
valenfe01;1986;1;LAN;NL;21;11;34;34;20;3;0;808;226;94;18;85;242;0,226;3,14;5;13;1;0;1102;0;104;15;3;17
vandeed01;1986;1;LAN;NL;1;5;60;0;0;0;0;214;83;27;8;33;42;0,290;3,41;7;1;1;0;325;29;32;4;1;2
violafr01;1986;1;MIN;AL;16;13;37;37;7;1;0;737;257;123;37;83;191;0,268;4,51;0;12;3;0;1053;0;136;4;5;16
vonohda01;1986;1;OAK;AL;0;3;24;0;0;0;1;46;18;6;0;7;4;0,300;3,52;2;1;0;0;68;3;7;1;0;2
vosbeed01;1986;1;SDN;NL;0;1;5;3;0;0;0;41;17;10;1;9;8;0,304;6,59;1;0;0;1;65;0;11;0;0;1
vuckope01;1986;1;ML4;AL;2;4;6;6;0;0;0;97;33;11;3;11;12;0,273;3,06;0;2;2;2;139;0;18;2;3;3
walkbo01;1986;1;PIT;NL;7;8;44;15;1;1;2;425;129;59;14;64;78;0,251;3,75;7;12;3;1;592;7;66;6;5;20
waltege01;1986;1;SDN;NL;2;2;57;0;0;0;1;294;89;42;7;49;84;0,247;3,86;7;6;4;0;422;19;47;5;3;9
warddu01;1986;1;ATL;NL;0;1;10;0;0;0;0;48;22;13;2;8;8;0,349;7,31;0;0;0;1;73;6;13;2;0;4
warddu01;1986;2;TOR;AL;0;1;2;1;0;0;0;6;3;3;0;4;1;0,300;13,50;0;1;1;0;15;1;4;0;0;0
wegmabi01;1986;1;ML4;AL;5;12;35;32;2;0;0;595;217;113;32;43;82;0,279;5,13;2;5;7;2;836;1;120;4;5;20
welchbo01;1986;1;LAN;NL;7;13;33;33;7;3;0;707;227;86;14;55;183;0,251;3,28;6;2;7;1;981;0;95;7;8;15
welshch01;1986;1;CIN;NL;6;9;24;24;1;0;0;418;163;74;9;40;40;0,301;4,78;4;5;3;0;598;0;79;10;4;24
whitsed01;1986;1;NYA;AL;5;2;14;4;0;0;0;111;54;31;5;23;27;0,335;7,54;1;2;0;0;189;6;37;2;3;2
whitsed01;1986;2;SDN;NL;1;7;17;12;0;0;0;227;85;47;8;37;46;0,287;5,59;0;1;0;0;337;0;48;2;2;6
wilcomi01;1986;1;SEA;AL;0;8;13;10;0;0;0;167;74;34;11;28;26;0,327;5,50;1;0;1;1;259;2;38;1;3;7
willica01;1986;1;CIN;NL;1;3;29;0;0;0;0;157;54;26;4;32;24;0,280;4,47;9;3;1;1;233;7;29;5;1;9
willifr01;1986;1;SFN;NL;3;1;36;0;0;0;1;157;35;7;0;21;33;0,212;1,20;4;1;4;0;194;12;8;3;1;9
willimi02;1986;1;TEX;AL;8;6;80;0;0;0;8;294;69;39;8;79;90;0,202;3,58;8;5;11;5;435;38;39;1;3;14
willsfr01;1986;1;CLE;AL;4;4;26;0;0;0;4;121;43;22;6;16;32;0,272;4,91;4;2;0;0;182;16;23;6;2;2
winnji01;1986;1;PIT;NL;3;5;50;3;0;0;3;264;85;35;9;38;70;0,258;3,58;7;9;2;1;377;18;44;4;3;13
wittbo01;1986;1;TEX;AL;11;9;31;31;0;0;0;473;130;96;18;143;174;0,223;5,48;2;22;3;3;741;0;104;3;9;6
wittmi01;1986;1;CAL;AL;18;10;34;34;14;3;0;807;218;85;22;73;208;0,221;2,84;2;6;3;0;1071;0;95;3;5;28
wojnaed01;1986;1;SDN;NL;2;2;7;7;1;0;0;117;42;14;2;16;19;0,268;3,23;3;0;1;0;176;0;19;2;0;6
woodwro01;1986;1;BOS;AL;2;3;9;6;0;0;0;107;46;21;4;11;14;0,313;5,30;0;5;1;1;161;0;26;0;2;3
worreto01;1986;1;SLN;NL;9;10;74;0;0;0;36;311;86;24;9;41;73;0,229;2,08;16;1;1;0;430;60;29;7;6;6
wrighri01;1986;1;TEX;AL;1;0;21;1;0;0;0;118;44;22;1;21;23;0,284;5,03;0;2;0;0;177;2;22;1;0;5
yettri01;1986;1;CLE;AL;5;3;39;3;1;1;1;236;84;45;10;37;50;0,275;5,15;4;8;1;0;350;17;48;2;4;3
youmafl01;1986;1;MON;NL;13;12;33;32;6;2;0;657;145;86;14;118;202;0,189;3,53;4;10;4;1;905;1;93;6;7;10
youngcu01;1986;1;OAK;AL;13;9;29;27;5;2;0;594;176;76;19;57;116;0,236;3,45;1;7;7;2;826;0;88;8;9;8
youngma01;1986;1;SEA;AL;8;6;65;5;1;0;13;311;108;44;9;46;82;0,272;3,82;2;7;8;1;458;32;50;4;3;15
