"0",""
"0",""
"0",""
"0","    # Retirando a primeira coluna:"
"0","finalizacoes <- finalizacoes[-1]"
"0",""
"0",""
"0","# Alterando os nomes das variáveis:"
"0","colnames(finalizacoes) <- c('nome_popular_atleta', 'sigla_macro_posicao', "
"0","                            "
"0","                            'macro_posicao', 'posicao', "
"0","                            "
"0","                            'sigla_posicao', 'id_atleta', "
"0","                            "
"0","                            'escudo_equipe', 'id_equipe', "
"0","                            "
"0","                            'nome_popular_equipe', 'sigla_equipe', "
"0","                            "
"0","                            'quantidade_jogos', 'media_finalizacoes', "
"0","                            "
"0","                            'total_finalizacoes', 'media_finalizacoes_certas',"
"0","                            "
"0","                            'total_finalizacoes_certas', 'media_finalizacoes_erradas',"
"0","                            "
"0","                            'total_finalizacoes_erradas', 'media_finalizacoes_fora',"
"0","                            "
"0","                            'total_finalizacoes_fora', 'media_finalizacoes_trave',"
"0","                            "
"0","                            'total_finalizacoes_trave', 'media_penaltis_perdidos',"
"0","                            "
"0","                            'total_penaltis_perdidos')"
"0",""
