"0",""
"0",""
"0",""
"0","    # Retirando a primeira coluna:"
"0","gols <- gols[-1]"
"0",""
"0",""
"0","# Alterando os nomes das variáveis:"
"0","colnames(gols) <- c('nome_popular_atleta', 'sigla_macro_posicao', "
"0","                    "
"0","                    'macro_posicao', 'posicao', "
"0","                    "
"0","                    'sigla_posicao', 'id_atleta', "
"0","                    "
"0","                    'escudo_equipe', 'id_equipe', "
"0","                    "
"0","                    'nome_popular_equipe', 'sigla_equipe', "
"0","                    "
"0","                    'quantidade_jogos', 'media_gols', "
"0","                    "
"0","                    'total_gols', 'media_gols_cabeca',"
"0","                    "
"0","                    'total_gols_cabeca', 'media_gols_falta',"
"0","                    "
"0","                    'total_gols_falta', 'media_gols_fora_area',"
"0","                    "
"0","                    'total_gols_fora_area', 'media_gols_penalti', "
"0","                    "
"0","                    'total_gols_penalti', 'media_gols_dentro_area',"
"0","                    "
"0","                    'total_gols_dentro_area', 'media_gols_contra',"
"0","                    "
"0","                    'total_gols_contra','media_gols_sofridos',"
"0","                    "
"0","                    'total_gols_sofridos')"
"0",""
